{
  "fold": 2,
  "dice": 0.8052526282842454,
  "aji": 0.46308786264159985,
  "pq": 0.480574936499261,
  "sq": 0.7315847206286545,
  "rq": 0.652642594980737
}